[
  {
    "value": "cycling",
    "synonyms": [
      "велопрогулка",
      "езда на велосипеде",
      "вело езда",
      "катание на велосипеде",
      "катание на велике",
      "кататься на велосипеде",
      "прокатиться на велосипеде"
    ]
  },
  {
    "value": "run",
    "synonyms": [
      "бег"
    ]
  },
  {
    "value": "jogging",
    "synonyms": [
      "бег трусцой",
      "пробежка",
      "пробежку",
      "на пробежку"
    ]
  },
  {
    "value": "skiing",
    "synonyms": [
      "лыжи",
      "лыжах",
      "кататься на лыжах",
      "ходить на лыжах"
    ]
  },
  {
    "value": "snowboarding",
    "synonyms": [
      "сноуборд",
      "катание на сноуборде"
    ]
  },
  {
    "value": "swimming",
    "synonyms": [
      "плавание",
      "купание",
      "плавать",
      "купаться"
    ]
  },
  {
    "value": "hiking",
    "synonyms": [
      "прогулка",
      "прогулка на природу",
      "пойти на природу",
      "пойти в поход",
      "сходить в поход",
      "отправиться в поход"
    ]
  },
  {
    "value": "skating",
    "synonyms": [
      "коньки",
      "кататься на коньках",
      "катание на коньках"
    ]
  },
  {
    "value": "parasailing",
    "synonyms": [
      "парасейлинг",
      "парасейл"
    ]
  },
  {
    "value": "mushroom hunting",
    "synonyms": [
      "ходить за грибами",
      "сходить за грибами",
      "по грибы",
      "ходить по грибы",
      "сходить по грибы",
      "пойти по грибы",
      "пойти за грибами"
    ]
  },
  {
    "value": "sightseeing",
    "synonyms": [
      "осмотр достопримечательностей",
      "осмотра достопримечательностей",
      "посмотреть достопримечательности"
    ]
  },
  {
    "value": "snowball fighting",
    "synonyms": [
      "играть в снежки",
      "играться в снежки",
      "поиграть в снежки",
      "кидаться снежками"
    ]
  },
  {
    "value": "birdwatching",
    "synonyms": [
      "наблюдать за птицами"
    ]
  },
  {
    "value": "tree climbing",
    "synonyms": [
      "лазать по деревьям"
    ]
  },
  {
    "value": "elephant safari",
    "synonyms": [
      "сафари со слонами",
      "сафари"
    ]
  },
  {
    "value": "kayaking",
    "synonyms": [
      "каякинг",
      "сплав",
      "сплав по реке",
      "сплав по бурной реке"
    ]
  },
  {
    "value": "mountain biking",
    "synonyms": [
      "горный велосипед",
      "езда на горном велосипеде"
    ]
  },
  {
    "value": "frisbee",
    "synonyms": [
      "фрисби",
      "фризби"
    ]
  },
  {
    "value": "walking",
    "synonyms": [
      "прогулка",
      "погулять",
      "прогуляться"
    ]
  },
  {
    "value": "climbing",
    "synonyms": [
      "скалолазание",
      "альпинизм",
      "лазить по горам",
      "лазить",
      "залезть",
      "залезть на гору",
      "полезть",
      "полезть на гору"
    ]
  },
  {
    "value": "surfing",
    "synonyms": [
      "серфинг",
      "сёрфинг"
    ]
  },
  {
    "value": "rafting",
    "synonyms": [
      "рафтинг",
      "сплав по горной реке"
    ]
  },
  {
    "value": "windsurfing",
    "synonyms": [
      "виндсерфинг"
    ]
  },
  {
    "value": "bird watching",
    "synonyms": [
      "понаблюдать за птицами",
      "наблюдать за птицами",
      "наблюдение за птицами"
    ]
  }
]