[
  {
    "value": "K",
    "synonyms": [
      "K",
      "градусы Кельвина",
      "по Кельвину",
      "Кельвин",
      "Кельвина",
      "градусов Кельвина",
      "градус Кельвина"
    ]
  },
  {
    "value": "C",
    "synonyms": [
      "C",
      "градусы Цельсия",
      "по Цельсию",
      "Цельсий",
      "Цельсия",
      "градусов Цельсия",
      "градус Цельсия",
      "Цельсию"
    ]
  },
  {
    "value": "F",
    "synonyms": [
      "F",
      "градусы Фаренгейта",
      "по Фаренгейту",
      "Фаренгейт",
      "градусов Фаренгейта",
      "граудс Фаренгейта",
      "Фаренгейту"
    ]
  },
  {
    "value": "R",
    "synonyms": [
      "R",
      "Ra",
      "градус Ранкина",
      "по Ранкину",
      "Ранкин",
      "градусов Ранкина",
      "градус Ранкина"
    ]
  },
  {
    "value": "Фаренгейта",
    "synonyms": [
      "Фаренгейта"
    ]
  }
]