[
  {
    "value": "rain",
    "synonyms": [
      "дождь",
      "дождик",
      "дождливо"
    ]
  },
  {
    "value": "snow",
    "synonyms": [
      "снег",
      "снежно",
      "снегопад"
    ]
  },
  {
    "value": "wind",
    "synonyms": [
      "ветер",
      "ветренно",
      "ветренный"
    ]
  },
  {
    "value": "sun",
    "synonyms": [
      "солнце",
      "солнечно",
      "солнечный"
    ]
  },
  {
    "value": "shower",
    "synonyms": [
      "ливень",
      "ливни",
      "льёт как из ведра"
    ]
  },
  {
    "value": "fog",
    "synonyms": [
      "туман",
      "туманно",
      "дымка"
    ]
  },
  {
    "value": "ice",
    "synonyms": [
      "лёд",
      "ледяной",
      "скользко"
    ]
  },
  {
    "value": "thunderstorm",
    "synonyms": [
      "гроза"
    ]
  },
  {
    "value": "freezing rain",
    "synonyms": [
      "изморось"
    ]
  },
  {
    "value": "rain snow",
    "synonyms": [
      "дождь со снегом",
      "снег с дождём"
    ]
  },
  {
    "value": "haze",
    "synonyms": [
      "лёгкий туман"
    ]
  },
  {
    "value": "smoke",
    "synonyms": [
      "смог"
    ]
  },
  {
    "value": "overcast",
    "synonyms": [
      "сильная облачность",
      "значительная облачность",
      "сплошная облачность",
      "неба не видно"
    ]
  },
  {
    "value": "clouds",
    "synonyms": [
      "облако",
      "облака",
      "облачность",
      "облачная"
    ]
  },
  {
    "value": "foggy",
    "synonyms": [
      "туманный",
      "в тумане",
      "мглистый",
      "густой туман"
    ]
  },
  {
    "value": "tornadoes",
    "synonyms": [
      "торнадо"
    ]
  },
  {
    "value": "volcano eruption",
    "synonyms": [
      "извержение вулкана"
    ]
  },
  {
    "value": "storm",
    "synonyms": [
      "буря",
      "гроза",
      "ураган",
      "шквал ветра",
      "вьюга"
    ]
  },
  {
    "value": "drizzle",
    "synonyms": [
      "мелкий дождь",
      "моросящий дождь",
      "моросит",
      "моросило",
      "моросить"
    ]
  },
  {
    "value": "hurricanes",
    "synonyms": [
      "ураган",
      "ураганы"
    ]
  }
]