[
  {
    "id": "d3e335f2-e19a-4c49-ba3a-08be6be4a890",
    "data": [
      {
        "text": "какая температура ",
        "userDefined": false
      },
      {
        "text": "20 июня",
        "alias": "date",
        "meta": "@sys.date",
        "userDefined": false
      },
      {
        "text": "?",
        "userDefined": false
      }
    ],
    "isTemplate": false,
    "count": 0,
    "updated": 1524011455
  },
  {
    "id": "c3fafc7e-08c8-49b2-90d1-407d0d37a180",
    "data": [
      {
        "text": "какая температура  в ",
        "userDefined": false
      },
      {
        "text": "Москве",
        "alias": "address",
        "meta": "@sys.location",
        "userDefined": true
      },
      {
        "text": " ",
        "userDefined": false
      },
      {
        "text": "этим утром",
        "alias": "date",
        "meta": "@sys.date",
        "userDefined": true
      }
    ],
    "isTemplate": false,
    "count": 0,
    "updated": 1524011455
  },
  {
    "id": "fd17b510-76d5-4918-ade4-641368712c0e",
    "data": [
      {
        "text": "какая ",
        "userDefined": false
      },
      {
        "text": "завтра",
        "alias": "date",
        "meta": "@sys.date",
        "userDefined": true
      },
      {
        "text": " будет температура",
        "userDefined": false
      }
    ],
    "isTemplate": false,
    "count": 0,
    "updated": 1524011455
  },
  {
    "id": "287c5d00-1df9-41ba-bc14-e53045d5934b",
    "data": [
      {
        "text": "что за температура ожидается в ",
        "userDefined": false
      },
      {
        "text": "Минске",
        "alias": "address",
        "meta": "@sys.location",
        "userDefined": true
      }
    ],
    "isTemplate": false,
    "count": 0,
    "updated": 1524011455
  },
  {
    "id": "974ea4ad-175d-48c3-9804-a29442078d9e",
    "data": [
      {
        "text": "покажи температуру в ",
        "userDefined": false
      },
      {
        "text": "Риме",
        "alias": "address",
        "meta": "@sys.location",
        "userDefined": true
      },
      {
        "text": " по ",
        "userDefined": false
      },
      {
        "text": "Фаренгейту",
        "alias": "unit",
        "meta": "@unit-temperature",
        "userDefined": true
      }
    ],
    "isTemplate": false,
    "count": 0,
    "updated": 1524011455
  },
  {
    "id": "1cd764dd-7ad3-4f95-8acd-907bafcc716d",
    "data": [
      {
        "text": "температура в ",
        "userDefined": false
      },
      {
        "text": "Москве",
        "alias": "address",
        "meta": "@sys.location",
        "userDefined": true
      },
      {
        "text": " ",
        "userDefined": false
      },
      {
        "text": "через 5 дней",
        "alias": "date",
        "meta": "@sys.date",
        "userDefined": true
      }
    ],
    "isTemplate": false,
    "count": 1,
    "updated": 1524011455
  },
  {
    "id": "f6b71f0b-c467-49d4-9749-a7f9ad96a85a",
    "data": [
      {
        "text": "температура в ",
        "userDefined": false
      },
      {
        "text": "Париже",
        "alias": "address",
        "meta": "@sys.location",
        "userDefined": true
      },
      {
        "text": " в градусах ",
        "userDefined": false
      },
      {
        "text": "Цельсия",
        "alias": "unit",
        "meta": "@unit-temperature",
        "userDefined": true
      }
    ],
    "isTemplate": false,
    "count": 0,
    "updated": 1524011455
  },
  {
    "id": "51f687aa-234f-4121-abdd-d898aacd518c",
    "data": [
      {
        "text": "какая сейчас темпеартура в ",
        "userDefined": false
      },
      {
        "text": "Екатеринбурге",
        "alias": "address",
        "meta": "@sys.location",
        "userDefined": true
      }
    ],
    "isTemplate": false,
    "count": 1,
    "updated": 1524011455
  },
  {
    "id": "f5a24c6a-79d5-44ea-808d-f1f855727347",
    "data": [
      {
        "text": "покажи температуру на ",
        "userDefined": false
      },
      {
        "text": "сегодня",
        "alias": "date",
        "meta": "@sys.date",
        "userDefined": true
      }
    ],
    "isTemplate": false,
    "count": 0,
    "updated": 1524011455
  },
  {
    "id": "55ce76ed-deb1-46e0-b3af-4a276457afdd",
    "data": [
      {
        "text": "температура завтра ",
        "userDefined": false
      },
      {
        "text": "Санкт-Петербург",
        "alias": "address",
        "meta": "@sys.location",
        "userDefined": true
      }
    ],
    "isTemplate": false,
    "count": 0,
    "updated": 1524011455
  },
  {
    "id": "5c64f6fb-28cc-4833-94e7-4801fcb5d83e",
    "data": [
      {
        "text": "что за температура ",
        "userDefined": false
      },
      {
        "text": "завтра",
        "alias": "date",
        "meta": "@sys.date",
        "userDefined": true
      },
      {
        "text": " в ",
        "userDefined": false
      },
      {
        "text": "Нью-Йорке",
        "alias": "address",
        "meta": "@sys.location",
        "userDefined": true
      }
    ],
    "isTemplate": false,
    "count": 0,
    "updated": 1524011455
  },
  {
    "id": "ca080681-28aa-4f1d-8655-b18f4840533b",
    "data": [
      {
        "text": "прогноз погоды ",
        "userDefined": false
      },
      {
        "text": "Москва",
        "alias": "address",
        "meta": "@sys.location",
        "userDefined": true
      }
    ],
    "isTemplate": false,
    "count": 0,
    "updated": 1524011455
  },
  {
    "id": "b100c373-8af1-4f25-8237-8acd1eaeef53",
    "data": [
      {
        "text": "погода ",
        "userDefined": false
      },
      {
        "text": "Дубаи",
        "alias": "address",
        "meta": "@sys.location",
        "userDefined": true
      }
    ],
    "isTemplate": false,
    "count": 0,
    "updated": 1524011455
  },
  {
    "id": "b33e9f44-847e-4192-81b1-1c183348a123",
    "data": [
      {
        "text": "погода в ",
        "userDefined": false
      },
      {
        "text": "Новосибирске",
        "alias": "address",
        "meta": "@sys.location",
        "userDefined": true
      }
    ],
    "isTemplate": false,
    "count": 0,
    "updated": 1524011455
  },
  {
    "id": "4c78cd75-3bb1-4714-9da2-7e04f844e638",
    "data": [
      {
        "text": "погода ",
        "userDefined": false
      },
      {
        "text": "Ростова-на-Дону",
        "alias": "address",
        "meta": "@sys.location",
        "userDefined": true
      }
    ],
    "isTemplate": false,
    "count": 0,
    "updated": 1524011455
  },
  {
    "id": "7a14d60c-543f-43f4-9274-7d3a25d10b0f",
    "data": [
      {
        "text": "прогноз погоды для ",
        "userDefined": false
      },
      {
        "text": "Канады",
        "alias": "address",
        "meta": "@sys.location",
        "userDefined": true
      },
      {
        "text": " ",
        "userDefined": false
      },
      {
        "text": "следующая неделя",
        "alias": "date",
        "meta": "@sys.date",
        "userDefined": true
      }
    ],
    "isTemplate": false,
    "count": 0,
    "updated": 1524011455
  },
  {
    "id": "c4b3e4b6-9efb-42a9-9d0b-a97d7168ce21",
    "data": [
      {
        "text": "найди погоду в ",
        "userDefined": false
      },
      {
        "text": "Бангалоре",
        "alias": "address",
        "meta": "@sys.location",
        "userDefined": true
      }
    ],
    "isTemplate": false,
    "count": 0,
    "updated": 1524011455
  },
  {
    "id": "d9e44b00-18ce-47f3-a1ca-cc6b93e0907d",
    "data": [
      {
        "text": "что сейчас за погода в ",
        "userDefined": false
      },
      {
        "text": "Керале",
        "alias": "address",
        "meta": "@sys.location",
        "userDefined": true
      }
    ],
    "isTemplate": false,
    "count": 0,
    "updated": 1524011455
  },
  {
    "id": "b583798c-b82e-4b50-b036-ab225a694979",
    "data": [
      {
        "text": "что с температурой в ",
        "userDefined": false
      },
      {
        "text": "Лондоне",
        "alias": "address",
        "meta": "@sys.location",
        "userDefined": true
      }
    ],
    "isTemplate": false,
    "count": 1,
    "updated": 1524011455
  },
  {
    "id": "acde84da-8386-4d44-a435-56555a87e174",
    "data": [
      {
        "text": "погода сейчас ",
        "userDefined": false
      },
      {
        "text": "Амстердам",
        "alias": "address",
        "meta": "@sys.location",
        "userDefined": true
      }
    ],
    "isTemplate": false,
    "count": 0,
    "updated": 1524011455
  },
  {
    "id": "7e3af740-f35c-4148-a2cf-93adbf756009",
    "data": [
      {
        "text": "что за погода в ",
        "userDefined": false
      },
      {
        "text": "Риме",
        "alias": "address",
        "meta": "@sys.location",
        "userDefined": true
      }
    ],
    "isTemplate": false,
    "count": 0,
    "updated": 1524011455
  },
  {
    "id": "84a62978-45f2-4d8f-ada2-f07a3f0626a2",
    "data": [
      {
        "text": "какой была погода ",
        "userDefined": false
      },
      {
        "text": "3 марта",
        "alias": "date",
        "meta": "@sys.date",
        "userDefined": true
      },
      {
        "text": " в ",
        "userDefined": false
      },
      {
        "text": "Ялте",
        "alias": "address",
        "meta": "@sys.location",
        "userDefined": true
      }
    ],
    "isTemplate": false,
    "count": 0,
    "updated": 1524011455
  },
  {
    "id": "e3e4f34b-bbf0-4ae3-9f5a-df8baf8e00e7",
    "data": [
      {
        "text": "погода в ",
        "userDefined": false
      },
      {
        "text": "Сиэтл",
        "alias": "address",
        "meta": "@sys.location",
        "userDefined": true
      }
    ],
    "isTemplate": false,
    "count": 0,
    "updated": 1524011455
  },
  {
    "id": "138dfdfa-ddcb-412a-9030-ff13733735b3",
    "data": [
      {
        "text": "какая погода ",
        "userDefined": false
      },
      {
        "text": "завтра",
        "alias": "date",
        "meta": "@sys.date",
        "userDefined": true
      },
      {
        "text": " в ",
        "userDefined": false
      },
      {
        "text": "Барселоне",
        "alias": "address",
        "meta": "@sys.location",
        "userDefined": true
      }
    ],
    "isTemplate": false,
    "count": 1,
    "updated": 1524011455
  },
  {
    "id": "dad53a14-a595-4e88-811b-67074bcd547d",
    "data": [
      {
        "text": "прогноз погоды в ",
        "userDefined": false
      },
      {
        "text": "Денвере",
        "alias": "address",
        "meta": "@sys.location",
        "userDefined": true
      }
    ],
    "isTemplate": false,
    "count": 0,
    "updated": 1524011455
  },
  {
    "id": "9e27991e-74bf-4c71-8b5b-bbb8b4dbc639",
    "data": [
      {
        "text": "погода ",
        "userDefined": false
      },
      {
        "text": "завтра",
        "alias": "date",
        "meta": "@sys.date",
        "userDefined": true
      },
      {
        "text": " в ",
        "userDefined": false
      },
      {
        "text": "Москве",
        "alias": "address",
        "meta": "@sys.location",
        "userDefined": true
      }
    ],
    "isTemplate": false,
    "count": 1,
    "updated": 1524011455
  },
  {
    "id": "326ac6b9-7599-4d84-a414-789937557445",
    "data": [
      {
        "text": "погода",
        "userDefined": false
      }
    ],
    "isTemplate": false,
    "count": 0,
    "updated": 1524011455
  },
  {
    "id": "164909aa-8ab1-42bc-96da-d919abf350ef",
    "data": [
      {
        "text": "прогноз погоды",
        "userDefined": false
      }
    ],
    "isTemplate": false,
    "count": 0,
    "updated": 1524011455
  },
  {
    "id": "7b245237-c16f-4577-b7fd-3a9c2989bcb9",
    "data": [
      {
        "text": "покажи мне погоду",
        "userDefined": false
      }
    ],
    "isTemplate": false,
    "count": 0,
    "updated": 1524011455
  },
  {
    "id": "10f37e80-e0e5-44a2-bad0-6390507d11b9",
    "data": [
      {
        "text": "что за погодка",
        "userDefined": false
      }
    ],
    "isTemplate": false,
    "count": 0,
    "updated": 1524011455
  },
  {
    "id": "a4532f4c-6ecb-4610-9118-f2665e10da65",
    "data": [
      {
        "text": "хотел бы узнать погоду",
        "userDefined": false
      }
    ],
    "isTemplate": false,
    "count": 0,
    "updated": 1524011455
  },
  {
    "id": "9ed27a14-823d-43df-bdf6-8b9873631709",
    "data": [
      {
        "text": "какой будет погода",
        "userDefined": false
      }
    ],
    "isTemplate": false,
    "count": 0,
    "updated": 1524011455
  },
  {
    "id": "f7a004a6-cbf4-4240-836c-2eb2af45c6d5",
    "data": [
      {
        "text": "что там на улице с погодой",
        "userDefined": false
      }
    ],
    "isTemplate": false,
    "count": 0,
    "updated": 1524011455
  },
  {
    "id": "bf6ebff5-8d23-400b-b615-c35312143fe6",
    "data": [
      {
        "text": "теперь прочти прогноз погоды для ",
        "userDefined": false
      },
      {
        "text": "Тамбова",
        "alias": "address",
        "meta": "@sys.location",
        "userDefined": true
      }
    ],
    "isTemplate": false,
    "count": 0,
    "updated": 1524011455
  },
  {
    "id": "e2200f57-8942-4d46-914b-17e46efc79c4",
    "data": [
      {
        "text": "погода ",
        "userDefined": false
      },
      {
        "text": "сегодня",
        "alias": "date",
        "meta": "@sys.date",
        "userDefined": true
      }
    ],
    "isTemplate": false,
    "count": 0,
    "updated": 1524011455
  },
  {
    "id": "f560cb65-f54b-4296-9918-650f0a977642",
    "data": [
      {
        "text": "завтрашняя",
        "alias": "date",
        "meta": "@sys.date",
        "userDefined": true
      },
      {
        "text": " погода",
        "userDefined": false
      }
    ],
    "isTemplate": false,
    "count": 0,
    "updated": 1524011455
  },
  {
    "id": "42f7157e-cedf-4c7d-b05d-b0b2cfe4dfee",
    "data": [
      {
        "text": "погода ",
        "userDefined": false
      },
      {
        "text": "этим вечером",
        "alias": "date",
        "meta": "@sys.date",
        "userDefined": true
      }
    ],
    "isTemplate": false,
    "count": 0,
    "updated": 1524011455
  },
  {
    "id": "6c513c34-1314-400b-a08f-128496a12250",
    "data": [
      {
        "text": "прогноз погоды ",
        "userDefined": false
      },
      {
        "text": "на вторник",
        "alias": "date",
        "meta": "@sys.date",
        "userDefined": true
      }
    ],
    "isTemplate": false,
    "count": 0,
    "updated": 1524011455
  },
  {
    "id": "ede8cbef-2078-4465-b67b-cd1e3de1f7e9",
    "data": [
      {
        "text": "расскажи мне про погоду на ",
        "userDefined": false
      },
      {
        "text": "следующей неделе",
        "alias": "date",
        "meta": "@sys.date",
        "userDefined": true
      }
    ],
    "isTemplate": false,
    "count": 0,
    "updated": 1524011455
  },
  {
    "id": "241617c0-a7fb-41da-9145-fdc3008b933e",
    "data": [
      {
        "text": "какой будет погода в ",
        "userDefined": false
      },
      {
        "text": "выходные",
        "alias": "date",
        "meta": "@sys.date",
        "userDefined": true
      }
    ],
    "isTemplate": false,
    "count": 0,
    "updated": 1524011455
  },
  {
    "id": "1e654498-052f-42ee-8771-9b27c539a203",
    "data": [
      {
        "text": "мне нужна погода на ",
        "userDefined": false
      },
      {
        "text": "22 июля",
        "alias": "date",
        "meta": "@sys.date",
        "userDefined": true
      }
    ],
    "isTemplate": false,
    "count": 0,
    "updated": 1524011455
  },
  {
    "id": "8feb5333-65a2-4060-807b-363e911bc96a",
    "data": [
      {
        "text": "какую погоду ожидают ",
        "userDefined": false
      },
      {
        "text": "на этой неделе",
        "alias": "date",
        "meta": "@sys.date",
        "userDefined": true
      }
    ],
    "isTemplate": false,
    "count": 0,
    "updated": 1524011455
  },
  {
    "id": "b761f9da-bc5c-4bdf-9596-b3583ee1450b",
    "data": [
      {
        "text": "погода для города ",
        "userDefined": false
      },
      {
        "text": "Париж",
        "alias": "address",
        "meta": "@sys.location",
        "userDefined": true
      }
    ],
    "isTemplate": false,
    "count": 0,
    "updated": 1524011455
  },
  {
    "id": "3a136eca-658c-4090-8f37-ef7c02dee4ac",
    "data": [
      {
        "text": "покажи что за погода будет ",
        "userDefined": false
      },
      {
        "text": "завтра",
        "alias": "date",
        "meta": "@sys.date",
        "userDefined": true
      },
      {
        "text": " в ",
        "userDefined": false
      },
      {
        "text": "Берлине",
        "alias": "address",
        "meta": "@sys.location",
        "userDefined": true
      }
    ],
    "isTemplate": false,
    "count": 0,
    "updated": 1524011455
  },
  {
    "id": "3462f998-5514-4e30-876b-e2dc24cfcdcd",
    "data": [
      {
        "text": "хотелось бы знать что за погода в ",
        "userDefined": false
      },
      {
        "text": "Мадриде",
        "alias": "address",
        "meta": "@sys.location",
        "userDefined": true
      }
    ],
    "isTemplate": false,
    "count": 0,
    "updated": 1524011455
  },
  {
    "id": "727ea044-e8b7-4b65-8eee-c56d6bbae77e",
    "data": [
      {
        "text": "что ожидается в ",
        "userDefined": false
      },
      {
        "text": "Москве",
        "alias": "address",
        "meta": "@sys.location",
        "userDefined": true
      },
      {
        "text": " погода",
        "userDefined": false
      }
    ],
    "isTemplate": false,
    "count": 1,
    "updated": 1524011455
  },
  {
    "id": "c31d06ad-9e7f-4770-9823-61867a9f30e1",
    "data": [
      {
        "text": "покажи погоду в градусах ",
        "userDefined": false
      },
      {
        "text": "Фаренгейта",
        "alias": "unit",
        "meta": "@unit-temperature",
        "userDefined": true
      }
    ],
    "isTemplate": false,
    "count": 0,
    "updated": 1524011455
  },
  {
    "id": "63102e00-966d-41ee-bf15-412125254b08",
    "data": [
      {
        "text": "прогноз погоды на ",
        "userDefined": false
      },
      {
        "text": "завтра",
        "alias": "date",
        "meta": "@sys.date",
        "userDefined": true
      },
      {
        "text": " ",
        "userDefined": false
      },
      {
        "text": "Брюссель",
        "alias": "address",
        "meta": "@sys.location",
        "userDefined": true
      }
    ],
    "isTemplate": false,
    "count": 0,
    "updated": 1524011455
  },
  {
    "id": "edb2b6f2-cab2-4d70-9aaf-77d3e64093f9",
    "data": [
      {
        "text": "погода ",
        "userDefined": false
      },
      {
        "text": "Милан",
        "alias": "address",
        "meta": "@sys.location",
        "userDefined": true
      },
      {
        "text": " ",
        "userDefined": false
      },
      {
        "text": "среда",
        "alias": "date",
        "meta": "@sys.date",
        "userDefined": true
      }
    ],
    "isTemplate": false,
    "count": 0,
    "updated": 1524011455
  },
  {
    "id": "142836b1-3f0d-412a-b034-04b5b88a4751",
    "data": [
      {
        "text": "что за погода будет в ",
        "userDefined": false
      },
      {
        "text": "Токио",
        "alias": "address",
        "meta": "@sys.location",
        "userDefined": true
      },
      {
        "text": " на ",
        "userDefined": false
      },
      {
        "text": "следующей неделе",
        "alias": "date",
        "meta": "@sys.date",
        "userDefined": true
      }
    ],
    "isTemplate": false,
    "count": 0,
    "updated": 1524011455
  },
  {
    "id": "6fc2c27f-92cb-42db-a493-b0045ba3add8",
    "data": [
      {
        "text": "погода в ",
        "userDefined": false
      },
      {
        "text": "Бруклине",
        "alias": "address",
        "meta": "@sys.location",
        "userDefined": true
      },
      {
        "text": " в ",
        "userDefined": false
      },
      {
        "text": "Цельсиях",
        "alias": "unit",
        "meta": "@unit-temperature",
        "userDefined": true
      }
    ],
    "isTemplate": false,
    "count": 0,
    "updated": 1524011455
  },
  {
    "id": "4a13db0b-1cbf-4d33-8f58-332f58386daa",
    "data": [
      {
        "text": "скажи мне что с погодой ",
        "userDefined": false
      },
      {
        "text": "Париж",
        "alias": "address",
        "meta": "@sys.location",
        "userDefined": true
      }
    ],
    "isTemplate": false,
    "count": 1,
    "updated": 1524011455
  }
]